title,company,tags
Software QA Engineer,Apple,https://www.linkedin.com/jobs/view/software-qa-engineer-at-apple-3322038726?refId=sAmomW90X0SufOSVNRRstg%3D%3D&trackingId=v2UAf00o2X%2FuW7p4jGppEw%3D%3D&position=1&pageNum=0&trk=public_jobs_jserp-result_search-card
"2023 Software Engineer, Snap Up Apprentice",Snap Inc.,https://www.linkedin.com/jobs/view/2023-software-engineer-snap-up-apprentice-at-snap-inc-3424201394?refId=sAmomW90X0SufOSVNRRstg%3D%3D&trackingId=5nPQsyDzYhztSCIyUeGVoQ%3D%3D&position=2&pageNum=0&trk=public_jobs_jserp-result_search-card
Junior AR/VR Software Engineer,Apple,https://www.linkedin.com/jobs/view/junior-ar-vr-software-engineer-at-apple-3433895675?refId=sAmomW90X0SufOSVNRRstg%3D%3D&trackingId=LwABktYV7m6dVGnFf1hxnA%3D%3D&position=3&pageNum=0&trk=public_jobs_jserp-result_search-card
Software Engineer (Starship),SpaceX,https://www.linkedin.com/jobs/view/software-engineer-starship-at-spacex-3448733888?refId=sAmomW90X0SufOSVNRRstg%3D%3D&trackingId=jQxpvy6dGMvncK7q0srcow%3D%3D&position=4&pageNum=0&trk=public_jobs_jserp-result_search-card
Software Engineering Intern,"Crabel Capital Management, LLC",https://www.linkedin.com/jobs/view/software-engineering-intern-at-crabel-capital-management-llc-3430790741?refId=sAmomW90X0SufOSVNRRstg%3D%3D&trackingId=2M8KiSN%2BHP600y8SeHYWgA%3D%3D&position=5&pageNum=0&trk=public_jobs_jserp-result_search-card
Software Engineer - (Intern),Nimble,https://www.linkedin.com/jobs/view/software-engineer-intern-at-nimble-3443748813?refId=sAmomW90X0SufOSVNRRstg%3D%3D&trackingId=qqfe48xO43NaIVo4cYY89Q%3D%3D&position=6&pageNum=0&trk=public_jobs_jserp-result_search-card
Baseball Systems Intern,Los Angeles Dodgers,https://www.linkedin.com/jobs/view/baseball-systems-intern-at-los-angeles-dodgers-3437035212?refId=sAmomW90X0SufOSVNRRstg%3D%3D&trackingId=A0mYRdhU9mBK1v%2FR7wqN8A%3D%3D&position=7&pageNum=0&trk=public_jobs_jserp-result_search-card
Software Engineer,Disney General Entertainment Content,https://www.linkedin.com/jobs/view/software-engineer-at-disney-general-entertainment-content-3397556339?refId=sAmomW90X0SufOSVNRRstg%3D%3D&trackingId=Qzt2qVa9PMs%2F4tBT%2BvP6Bw%3D%3D&position=8&pageNum=0&trk=public_jobs_jserp-result_search-card
Backend Engineer,MynaSwap,https://www.linkedin.com/jobs/view/backend-engineer-at-mynaswap-3409130674?refId=sAmomW90X0SufOSVNRRstg%3D%3D&trackingId=4dO0e554KCdCBwp0%2F%2B5bCA%3D%3D&position=9&pageNum=0&trk=public_jobs_jserp-result_search-card
Junior Online Programmer,Cloud Imperium Games,https://www.linkedin.com/jobs/view/junior-online-programmer-at-cloud-imperium-games-3436889429?refId=sAmomW90X0SufOSVNRRstg%3D%3D&trackingId=YdqghOP10P5p%2FENsuskMqA%3D%3D&position=10&pageNum=0&trk=public_jobs_jserp-result_search-card
Software Engineering Intern,Genius Sports,https://www.linkedin.com/jobs/view/software-engineering-intern-at-genius-sports-3450730361?refId=sAmomW90X0SufOSVNRRstg%3D%3D&trackingId=0YdFvizHIlFv%2FKDHtOPxaw%3D%3D&position=11&pageNum=0&trk=public_jobs_jserp-result_search-card
Software Engineer,Hire Digital,https://www.linkedin.com/jobs/view/software-engineer-at-hire-digital-3407997603?refId=sAmomW90X0SufOSVNRRstg%3D%3D&trackingId=JsqbZtNFuDebqESXQYhDLQ%3D%3D&position=12&pageNum=0&trk=public_jobs_jserp-result_search-card
Software Engineer II - Back-End,StubHub,https://www.linkedin.com/jobs/view/software-engineer-ii-back-end-at-stubhub-3452568390?refId=sAmomW90X0SufOSVNRRstg%3D%3D&trackingId=xELmfMbqJgU5gTCrUdwTag%3D%3D&position=13&pageNum=0&trk=public_jobs_jserp-result_search-card
Software Engineer - Full Stack,PayPal,https://www.linkedin.com/jobs/view/software-engineer-full-stack-at-paypal-3384403037?refId=sAmomW90X0SufOSVNRRstg%3D%3D&trackingId=99i%2FiN8jaDLh%2FhKoodk6dQ%3D%3D&position=14&pageNum=0&trk=public_jobs_jserp-result_search-card
Software Engineer,Marvin,https://www.linkedin.com/jobs/view/software-engineer-at-marvin-2924910332?refId=sAmomW90X0SufOSVNRRstg%3D%3D&trackingId=gaEqSCkB7u1lX1Byrae7zQ%3D%3D&position=15&pageNum=0&trk=public_jobs_jserp-result_search-card
Java Developer - CA,"Horizon Health Care, Inc",https://www.linkedin.com/jobs/view/java-developer-ca-at-horizon-health-care-inc-3408027615?refId=sAmomW90X0SufOSVNRRstg%3D%3D&trackingId=TeKDFh2tpOxz2VeWUSXOeA%3D%3D&position=16&pageNum=0&trk=public_jobs_jserp-result_search-card
Dev10 Entry Level Software Developer - Nationwide,Dev10,https://www.linkedin.com/jobs/view/dev10-entry-level-software-developer-nationwide-at-dev10-3433281306?refId=sAmomW90X0SufOSVNRRstg%3D%3D&trackingId=HT3LoHFm0CMHADQhizdsSg%3D%3D&position=17&pageNum=0&trk=public_jobs_jserp-result_search-card
Software Developer,Share Ventures,https://www.linkedin.com/jobs/view/software-developer-at-share-ventures-3441457763?refId=sAmomW90X0SufOSVNRRstg%3D%3D&trackingId=PgnJOAfi8Ou2E7Hf3ejijw%3D%3D&position=18&pageNum=0&trk=public_jobs_jserp-result_search-card
Software Engineer,Motivo,https://www.linkedin.com/jobs/view/software-engineer-at-motivo-3439866137?refId=sAmomW90X0SufOSVNRRstg%3D%3D&trackingId=ydAs6kiYzBZkVFSp6lzNfg%3D%3D&position=19&pageNum=0&trk=public_jobs_jserp-result_search-card
Software Systems Engineer Level 1,NASA Jet Propulsion Laboratory,https://www.linkedin.com/jobs/view/software-systems-engineer-level-1-at-nasa-jet-propulsion-laboratory-3423514009?refId=sAmomW90X0SufOSVNRRstg%3D%3D&trackingId=v2HTAWxVKw7m%2Fb3E1XcPoQ%3D%3D&position=20&pageNum=0&trk=public_jobs_jserp-result_search-card
Junior Java Developer,SynergisticIT,https://www.linkedin.com/jobs/view/junior-java-developer-at-synergisticit-3415230722?refId=sAmomW90X0SufOSVNRRstg%3D%3D&trackingId=VOluQaPGDBuTevjBENax7A%3D%3D&position=21&pageNum=0&trk=public_jobs_jserp-result_search-card
Software Engineer,Caplight,https://www.linkedin.com/jobs/view/software-engineer-at-caplight-3452846726?refId=sAmomW90X0SufOSVNRRstg%3D%3D&trackingId=vw%2FirUSe7s1aW2JZ5Ds9UA%3D%3D&position=22&pageNum=0&trk=public_jobs_jserp-result_search-card
Software Engineer II,PlayStation,https://www.linkedin.com/jobs/view/software-engineer-ii-at-playstation-3447535683?refId=sAmomW90X0SufOSVNRRstg%3D%3D&trackingId=b4G8g3y3deXEkN90Bp%2FY2g%3D%3D&position=23&pageNum=0&trk=public_jobs_jserp-result_search-card
Software Systems Engineer Level 1,NASA Jet Propulsion Laboratory,https://www.linkedin.com/jobs/view/software-systems-engineer-level-1-at-nasa-jet-propulsion-laboratory-3423510541?refId=sAmomW90X0SufOSVNRRstg%3D%3D&trackingId=IYIbian3lvctyhJ%2FMZ7HDQ%3D%3D&position=24&pageNum=0&trk=public_jobs_jserp-result_search-card
Web Developer,Meta,https://www.linkedin.com/jobs/view/web-developer-at-meta-3447606707?refId=sAmomW90X0SufOSVNRRstg%3D%3D&trackingId=if4MatR8vRCtR5%2Fvz8OFeQ%3D%3D&position=25&pageNum=0&trk=public_jobs_jserp-result_search-card
Software QA Engineer,Apple,https://www.linkedin.com/jobs/view/software-qa-engineer-at-apple-3322038726?refId=KjgPD3C6lmyqhHXrgXz8eQ%3D%3D&trackingId=eybStkHL%2FcTlPNRChcPXAg%3D%3D&position=1&pageNum=0&trk=public_jobs_jserp-result_search-card
"2023 Software Engineer, Snap Up Apprentice",Snap Inc.,https://www.linkedin.com/jobs/view/2023-software-engineer-snap-up-apprentice-at-snap-inc-3424201394?refId=KjgPD3C6lmyqhHXrgXz8eQ%3D%3D&trackingId=bLCgVxQjKZZaWBdOyjfwuw%3D%3D&position=2&pageNum=0&trk=public_jobs_jserp-result_search-card
Junior AR/VR Software Engineer,Apple,https://www.linkedin.com/jobs/view/junior-ar-vr-software-engineer-at-apple-3433895675?refId=KjgPD3C6lmyqhHXrgXz8eQ%3D%3D&trackingId=srMHMGMD700x86zQ6PhOpw%3D%3D&position=3&pageNum=0&trk=public_jobs_jserp-result_search-card
Software Engineering Intern,Genius Sports,https://www.linkedin.com/jobs/view/software-engineering-intern-at-genius-sports-3450730361?refId=KjgPD3C6lmyqhHXrgXz8eQ%3D%3D&trackingId=QLufnQFntAyLwCT2bgqdlw%3D%3D&position=4&pageNum=0&trk=public_jobs_jserp-result_search-card
Software Engineering Intern,"Crabel Capital Management, LLC",https://www.linkedin.com/jobs/view/software-engineering-intern-at-crabel-capital-management-llc-3430790741?refId=KjgPD3C6lmyqhHXrgXz8eQ%3D%3D&trackingId=ytRcgMkkPy9LahW33IQFLA%3D%3D&position=5&pageNum=0&trk=public_jobs_jserp-result_search-card
Software Engineer - (Intern),Nimble,https://www.linkedin.com/jobs/view/software-engineer-intern-at-nimble-3443748813?refId=KjgPD3C6lmyqhHXrgXz8eQ%3D%3D&trackingId=0oDO4uPr58X6zddgqOon0w%3D%3D&position=6&pageNum=0&trk=public_jobs_jserp-result_search-card
Baseball Systems Intern,Los Angeles Dodgers,https://www.linkedin.com/jobs/view/baseball-systems-intern-at-los-angeles-dodgers-3437035212?refId=KjgPD3C6lmyqhHXrgXz8eQ%3D%3D&trackingId=azb1DKeBzRjA9ts5rJ4ijQ%3D%3D&position=7&pageNum=0&trk=public_jobs_jserp-result_search-card
Software Engineer,Disney General Entertainment Content,https://www.linkedin.com/jobs/view/software-engineer-at-disney-general-entertainment-content-3397556339?refId=KjgPD3C6lmyqhHXrgXz8eQ%3D%3D&trackingId=PfZ3pShq1AbYhUKbOuI3xA%3D%3D&position=8&pageNum=0&trk=public_jobs_jserp-result_search-card
Backend Engineer,MynaSwap,https://www.linkedin.com/jobs/view/backend-engineer-at-mynaswap-3409130674?refId=KjgPD3C6lmyqhHXrgXz8eQ%3D%3D&trackingId=vhJX0LSd0bW9fJ3JY9njtg%3D%3D&position=9&pageNum=0&trk=public_jobs_jserp-result_search-card
Web Developer,Meta,https://www.linkedin.com/jobs/view/web-developer-at-meta-3447606707?refId=KjgPD3C6lmyqhHXrgXz8eQ%3D%3D&trackingId=yy6qXd38g40MlWIEa7kaVQ%3D%3D&position=10&pageNum=0&trk=public_jobs_jserp-result_search-card
Junior Online Programmer,Cloud Imperium Games,https://www.linkedin.com/jobs/view/junior-online-programmer-at-cloud-imperium-games-3436889429?refId=KjgPD3C6lmyqhHXrgXz8eQ%3D%3D&trackingId=LTUE8wz%2F8J2AZYMpr54bmw%3D%3D&position=11&pageNum=0&trk=public_jobs_jserp-result_search-card
Software Engineer,Hire Digital,https://www.linkedin.com/jobs/view/software-engineer-at-hire-digital-3407997603?refId=KjgPD3C6lmyqhHXrgXz8eQ%3D%3D&trackingId=pjeS3HpCrskrdckxJT3ikg%3D%3D&position=12&pageNum=0&trk=public_jobs_jserp-result_search-card
Software Engineer II - Back-End,StubHub,https://www.linkedin.com/jobs/view/software-engineer-ii-back-end-at-stubhub-3452568390?refId=KjgPD3C6lmyqhHXrgXz8eQ%3D%3D&trackingId=H%2BWEm6WW2VIimwqzlCipdw%3D%3D&position=13&pageNum=0&trk=public_jobs_jserp-result_search-card
Software Engineer - Full Stack,PayPal,https://www.linkedin.com/jobs/view/software-engineer-full-stack-at-paypal-3384403037?refId=KjgPD3C6lmyqhHXrgXz8eQ%3D%3D&trackingId=a1BFp5k8r%2BfBOysZ3J3gLw%3D%3D&position=14&pageNum=0&trk=public_jobs_jserp-result_search-card
Software Engineer,Marvin,https://www.linkedin.com/jobs/view/software-engineer-at-marvin-2924910332?refId=KjgPD3C6lmyqhHXrgXz8eQ%3D%3D&trackingId=RH%2BzZDWevN9c2b85pPXvwQ%3D%3D&position=15&pageNum=0&trk=public_jobs_jserp-result_search-card
Software Engineer (Starship),SpaceX,https://www.linkedin.com/jobs/view/software-engineer-starship-at-spacex-3448733888?refId=KjgPD3C6lmyqhHXrgXz8eQ%3D%3D&trackingId=6yDPR5MM2N1H3mi27F02ow%3D%3D&position=16&pageNum=0&trk=public_jobs_jserp-result_search-card
Java Developer - CA,"Horizon Health Care, Inc",https://www.linkedin.com/jobs/view/java-developer-ca-at-horizon-health-care-inc-3408027615?refId=KjgPD3C6lmyqhHXrgXz8eQ%3D%3D&trackingId=4ew8bqIXvXgnxzmbRtBpeA%3D%3D&position=17&pageNum=0&trk=public_jobs_jserp-result_search-card
Dev10 Entry Level Software Developer - Nationwide,Dev10,https://www.linkedin.com/jobs/view/dev10-entry-level-software-developer-nationwide-at-dev10-3433281306?refId=KjgPD3C6lmyqhHXrgXz8eQ%3D%3D&trackingId=CABYMiykRFcHedSBB4GT1w%3D%3D&position=18&pageNum=0&trk=public_jobs_jserp-result_search-card
Software Developer,Share Ventures,https://www.linkedin.com/jobs/view/software-developer-at-share-ventures-3441457763?refId=KjgPD3C6lmyqhHXrgXz8eQ%3D%3D&trackingId=YIgevQ%2FbNM7GVuCEJFohaw%3D%3D&position=19&pageNum=0&trk=public_jobs_jserp-result_search-card
Software Systems Engineer Level 1,NASA Jet Propulsion Laboratory,https://www.linkedin.com/jobs/view/software-systems-engineer-level-1-at-nasa-jet-propulsion-laboratory-3423514009?refId=KjgPD3C6lmyqhHXrgXz8eQ%3D%3D&trackingId=mtZIYDxWXTV6GoKd9IGYQA%3D%3D&position=20&pageNum=0&trk=public_jobs_jserp-result_search-card
Software Engineer,Motivo,https://www.linkedin.com/jobs/view/software-engineer-at-motivo-3439866137?refId=KjgPD3C6lmyqhHXrgXz8eQ%3D%3D&trackingId=fuoWjZvyOTqsusXjp1foqQ%3D%3D&position=21&pageNum=0&trk=public_jobs_jserp-result_search-card
Junior Java Developer,SynergisticIT,https://www.linkedin.com/jobs/view/junior-java-developer-at-synergisticit-3415230722?refId=KjgPD3C6lmyqhHXrgXz8eQ%3D%3D&trackingId=Aq%2FhaOw7u%2B0TL8dGsJRIow%3D%3D&position=22&pageNum=0&trk=public_jobs_jserp-result_search-card
Software Systems Engineer Level 1,NASA Jet Propulsion Laboratory,https://www.linkedin.com/jobs/view/software-systems-engineer-level-1-at-nasa-jet-propulsion-laboratory-3423510541?refId=KjgPD3C6lmyqhHXrgXz8eQ%3D%3D&trackingId=TaXRFxfayaFe5%2FVgFmkP3Q%3D%3D&position=23&pageNum=0&trk=public_jobs_jserp-result_search-card
Software Engineer II,PlayStation,https://www.linkedin.com/jobs/view/software-engineer-ii-at-playstation-3447535683?refId=KjgPD3C6lmyqhHXrgXz8eQ%3D%3D&trackingId=mTPVCsZ9azW7BoMlW0Ke1g%3D%3D&position=24&pageNum=0&trk=public_jobs_jserp-result_search-card
Software Engineer,Finesse,https://www.linkedin.com/jobs/view/software-engineer-at-finesse-3446314261?refId=KjgPD3C6lmyqhHXrgXz8eQ%3D%3D&trackingId=mwqdDOnNrz6C6csZjV%2BiIQ%3D%3D&position=25&pageNum=0&trk=public_jobs_jserp-result_search-card
Software Engineering Intern,Genius Sports,https://www.linkedin.com/jobs/view/software-engineering-intern-at-genius-sports-3450730361?refId=S4FN%2BSqWBXBtXTOcVGs%2FLw%3D%3D&trackingId=k1kpKBBtpznUkiaGvhlXcQ%3D%3D&position=1&pageNum=0&trk=public_jobs_jserp-result_search-card
Software Engineer - (Intern),Nimble,https://www.linkedin.com/jobs/view/software-engineer-intern-at-nimble-3443748813?refId=S4FN%2BSqWBXBtXTOcVGs%2FLw%3D%3D&trackingId=Rob4XX9sD9gcRW%2FgNL5jIA%3D%3D&position=2&pageNum=0&trk=public_jobs_jserp-result_search-card
Junior Online Programmer,Cloud Imperium Games,https://www.linkedin.com/jobs/view/junior-online-programmer-at-cloud-imperium-games-3436889429?refId=S4FN%2BSqWBXBtXTOcVGs%2FLw%3D%3D&trackingId=X36z0tULlDk%2BOXGi5alGGg%3D%3D&position=3&pageNum=0&trk=public_jobs_jserp-result_search-card
Software Engineer - Full Stack,PayPal,https://www.linkedin.com/jobs/view/software-engineer-full-stack-at-paypal-3384403037?refId=S4FN%2BSqWBXBtXTOcVGs%2FLw%3D%3D&trackingId=J6AeiUHrI5ytVAHdCUtaiQ%3D%3D&position=4&pageNum=0&trk=public_jobs_jserp-result_search-card
Backend Engineer,MynaSwap,https://www.linkedin.com/jobs/view/backend-engineer-at-mynaswap-3409130674?refId=S4FN%2BSqWBXBtXTOcVGs%2FLw%3D%3D&trackingId=ZaDugOLKBoiyW4FpZ4Ro5w%3D%3D&position=5&pageNum=0&trk=public_jobs_jserp-result_search-card
Java Developer - CA,"Horizon Health Care, Inc",https://www.linkedin.com/jobs/view/java-developer-ca-at-horizon-health-care-inc-3408027615?refId=S4FN%2BSqWBXBtXTOcVGs%2FLw%3D%3D&trackingId=z9wO6Zu2oySW0Ea3z21bkA%3D%3D&position=6&pageNum=0&trk=public_jobs_jserp-result_search-card
Software Engineer II - Back-End,StubHub,https://www.linkedin.com/jobs/view/software-engineer-ii-back-end-at-stubhub-3452568390?refId=S4FN%2BSqWBXBtXTOcVGs%2FLw%3D%3D&trackingId=OoCWGFaXO9ah5dV%2BcKKDnA%3D%3D&position=7&pageNum=0&trk=public_jobs_jserp-result_search-card
Software Systems Engineer Level 1,NASA Jet Propulsion Laboratory,https://www.linkedin.com/jobs/view/software-systems-engineer-level-1-at-nasa-jet-propulsion-laboratory-3423514009?refId=S4FN%2BSqWBXBtXTOcVGs%2FLw%3D%3D&trackingId=s8%2B4BxWutMmqClMdABlY7w%3D%3D&position=8&pageNum=0&trk=public_jobs_jserp-result_search-card
Junior Java Developer,SynergisticIT,https://www.linkedin.com/jobs/view/junior-java-developer-at-synergisticit-3415230722?refId=S4FN%2BSqWBXBtXTOcVGs%2FLw%3D%3D&trackingId=KIm%2FjX61S%2BWajSTAC7khBQ%3D%3D&position=9&pageNum=0&trk=public_jobs_jserp-result_search-card
Software Systems Engineer Level 1,NASA Jet Propulsion Laboratory,https://www.linkedin.com/jobs/view/software-systems-engineer-level-1-at-nasa-jet-propulsion-laboratory-3423510541?refId=S4FN%2BSqWBXBtXTOcVGs%2FLw%3D%3D&trackingId=sw5RHQ5H2OoJuowjlreBog%3D%3D&position=10&pageNum=0&trk=public_jobs_jserp-result_search-card
Application Software Engineer,SpaceX,https://www.linkedin.com/jobs/view/application-software-engineer-at-spacex-3450555987?refId=S4FN%2BSqWBXBtXTOcVGs%2FLw%3D%3D&trackingId=yuNwRRQSGfys1wQTTvobdA%3D%3D&position=11&pageNum=0&trk=public_jobs_jserp-result_search-card
Software Engineer â€“ R&D,Sony Pictures Entertainment,https://www.linkedin.com/jobs/view/software-engineer-%E2%80%93-r-d-at-sony-pictures-entertainment-3419001077?refId=S4FN%2BSqWBXBtXTOcVGs%2FLw%3D%3D&trackingId=oJRhdwmsCgyrr07OqLSZ8Q%3D%3D&position=12&pageNum=0&trk=public_jobs_jserp-result_search-card
Front End Engineer,Cypris,https://www.linkedin.com/jobs/view/front-end-engineer-at-cypris-3451237062?refId=S4FN%2BSqWBXBtXTOcVGs%2FLw%3D%3D&trackingId=lE2adgxayiq%2FsPh5EjudyA%3D%3D&position=13&pageNum=0&trk=public_jobs_jserp-result_search-card
Software Engineer,Activision,https://www.linkedin.com/jobs/view/software-engineer-at-activision-3425070852?refId=S4FN%2BSqWBXBtXTOcVGs%2FLw%3D%3D&trackingId=Qs2Fs93LqRLHCaDMKnUFbw%3D%3D&position=14&pageNum=0&trk=public_jobs_jserp-result_search-card
Software QA Automation Engineer,Apple,https://www.linkedin.com/jobs/view/software-qa-automation-engineer-at-apple-3430588779?refId=S4FN%2BSqWBXBtXTOcVGs%2FLw%3D%3D&trackingId=53MZqa2LXuxW7pkr1E0iWw%3D%3D&position=15&pageNum=0&trk=public_jobs_jserp-result_search-card
Senior Software Engineer I (Java),Supremos.org,https://www.linkedin.com/jobs/view/senior-software-engineer-i-java-at-supremos-org-3446769770?refId=S4FN%2BSqWBXBtXTOcVGs%2FLw%3D%3D&trackingId=h2gHnXnFUFUWJ6Rldzxouw%3D%3D&position=16&pageNum=0&trk=public_jobs_jserp-result_search-card
JAVA Programmers,"Horizon Health Care, Inc",https://www.linkedin.com/jobs/view/java-programmers-at-horizon-health-care-inc-3408030682?refId=S4FN%2BSqWBXBtXTOcVGs%2FLw%3D%3D&trackingId=DeabIgyeRMYxd8m4NRBIcg%3D%3D&position=17&pageNum=0&trk=public_jobs_jserp-result_search-card
Entry Level Python Developer,SynergisticIT,https://www.linkedin.com/jobs/view/entry-level-python-developer-at-synergisticit-3415228680?refId=S4FN%2BSqWBXBtXTOcVGs%2FLw%3D%3D&trackingId=1xiEL2vZs1zEt4Jy9UcnHQ%3D%3D&position=18&pageNum=0&trk=public_jobs_jserp-result_search-card
"Backend Software Engineer, TikTok - Social User and Relation",TikTok,https://www.linkedin.com/jobs/view/backend-software-engineer-tiktok-social-user-and-relation-at-tiktok-3325033314?refId=S4FN%2BSqWBXBtXTOcVGs%2FLw%3D%3D&trackingId=urFWmAJysoRFnWqUosSOaw%3D%3D&position=19&pageNum=0&trk=public_jobs_jserp-result_search-card
Junior Online Programmer,Cloud Imperium Games,https://www.linkedin.com/jobs/view/junior-online-programmer-at-cloud-imperium-games-3425844803?refId=S4FN%2BSqWBXBtXTOcVGs%2FLw%3D%3D&trackingId=EqWIhUVe45XZD9MogH%2FlLQ%3D%3D&position=20&pageNum=0&trk=public_jobs_jserp-result_search-card
Engineering Applications Software Engineer Level 1,NASA Jet Propulsion Laboratory,https://www.linkedin.com/jobs/view/engineering-applications-software-engineer-level-1-at-nasa-jet-propulsion-laboratory-3326839805?refId=S4FN%2BSqWBXBtXTOcVGs%2FLw%3D%3D&trackingId=pOpLtjOmfestSIH5wry9sg%3D%3D&position=21&pageNum=0&trk=public_jobs_jserp-result_search-card
Software Engineer (Mid-Level),cFive Solutions,https://www.linkedin.com/jobs/view/software-engineer-mid-level-at-cfive-solutions-3408076728?refId=S4FN%2BSqWBXBtXTOcVGs%2FLw%3D%3D&trackingId=cLtd5CoHbQKOocbFslk73A%3D%3D&position=22&pageNum=0&trk=public_jobs_jserp-result_search-card
Java Software Engineer,Career Movement,https://www.linkedin.com/jobs/view/java-software-engineer-at-career-movement-3450816609?refId=S4FN%2BSqWBXBtXTOcVGs%2FLw%3D%3D&trackingId=wJOfjmf8ZwMscBpMUSpvqQ%3D%3D&position=23&pageNum=0&trk=public_jobs_jserp-result_search-card
Entry Level Python Developer,SynergisticIT,https://www.linkedin.com/jobs/view/entry-level-python-developer-at-synergisticit-3429948694?refId=S4FN%2BSqWBXBtXTOcVGs%2FLw%3D%3D&trackingId=qsvaqAwZtaue11c%2FLgIqnQ%3D%3D&position=24&pageNum=0&trk=public_jobs_jserp-result_search-card
Software Engineer - Full-Stack (CX),StubHub,https://www.linkedin.com/jobs/view/software-engineer-full-stack-cx-at-stubhub-3452568399?refId=S4FN%2BSqWBXBtXTOcVGs%2FLw%3D%3D&trackingId=rs9xY1lXmYKKNakCtPfL3Q%3D%3D&position=25&pageNum=0&trk=public_jobs_jserp-result_search-card
"Staff Software Engineer, QA Automation",Limitless Talent Solutions,https://www.linkedin.com/jobs/view/staff-software-engineer-qa-automation-at-limitless-talent-solutions-3436842156?refId=B0o3pXh4jECVYGITt4DDRg%3D%3D&trackingId=GLFM3cWI96x3%2FIoSnTwzSA%3D%3D&position=1&pageNum=0&trk=public_jobs_jserp-result_search-card
"Software Engineer, SRE - US Tech Service",TikTok,https://www.linkedin.com/jobs/view/software-engineer-sre-us-tech-service-at-tiktok-3416633990?refId=B0o3pXh4jECVYGITt4DDRg%3D%3D&trackingId=%2BE8OuFfUuIfc0ckXFWSZiQ%3D%3D&position=2&pageNum=0&trk=public_jobs_jserp-result_search-card
Junior Online Programmer,Cloud Imperium Games,https://www.linkedin.com/jobs/view/junior-online-programmer-at-cloud-imperium-games-3436889429?refId=B0o3pXh4jECVYGITt4DDRg%3D%3D&trackingId=SfgvRi5VhidYlhq4n7rGRg%3D%3D&position=3&pageNum=0&trk=public_jobs_jserp-result_search-card
Backend Software Engineer,Hang,https://www.linkedin.com/jobs/view/backend-software-engineer-at-hang-3430110543?refId=B0o3pXh4jECVYGITt4DDRg%3D%3D&trackingId=gb3iYySijFhOhZwwxHWtAg%3D%3D&position=4&pageNum=0&trk=public_jobs_jserp-result_search-card
Java Developer,ClifyX,https://www.linkedin.com/jobs/view/java-developer-at-clifyx-3349153894?refId=B0o3pXh4jECVYGITt4DDRg%3D%3D&trackingId=630FqNw4m%2Be6lT0WmRhReQ%3D%3D&position=5&pageNum=0&trk=public_jobs_jserp-result_search-card
Front-End Software Engineer,Beyond Limits,https://www.linkedin.com/jobs/view/front-end-software-engineer-at-beyond-limits-3429919750?refId=B0o3pXh4jECVYGITt4DDRg%3D%3D&trackingId=bUpIcdTqXrjXsBxT38sVcQ%3D%3D&position=6&pageNum=0&trk=public_jobs_jserp-result_search-card
Full Stack Engineer,STAND 8 Technology Services,https://www.linkedin.com/jobs/view/full-stack-engineer-at-stand-8-technology-services-3367313400?refId=B0o3pXh4jECVYGITt4DDRg%3D%3D&trackingId=UeXoa2z5qJH4STdIjeCAeA%3D%3D&position=7&pageNum=0&trk=public_jobs_jserp-result_search-card
Java Specialist,Magnus Technology Solutions,https://www.linkedin.com/jobs/view/java-specialist-at-magnus-technology-solutions-3429241200?refId=B0o3pXh4jECVYGITt4DDRg%3D%3D&trackingId=kqvd7LnR81MvdrB0BRXN7A%3D%3D&position=8&pageNum=0&trk=public_jobs_jserp-result_search-card
Backend Developer- Java/J2EE,Applied Resource Group,https://www.linkedin.com/jobs/view/backend-developer-java-j2ee-at-applied-resource-group-3442636339?refId=B0o3pXh4jECVYGITt4DDRg%3D%3D&trackingId=NRn07HUqr%2BpwwVD65WxoXw%3D%3D&position=9&pageNum=0&trk=public_jobs_jserp-result_search-card
Software Development Engineer in Test,Daylight,https://www.linkedin.com/jobs/view/software-development-engineer-in-test-at-daylight-3414242366?refId=B0o3pXh4jECVYGITt4DDRg%3D%3D&trackingId=6Qif6voYD1lb0HSAFkxoeg%3D%3D&position=10&pageNum=0&trk=public_jobs_jserp-result_search-card
Data Scientist - Sports Forecasting,"ActiveSoft, Inc",https://www.linkedin.com/jobs/view/data-scientist-sports-forecasting-at-activesoft-inc-3454349857?refId=B0o3pXh4jECVYGITt4DDRg%3D%3D&trackingId=f7h8m02aEe2ZxzB3R8PiBQ%3D%3D&position=11&pageNum=0&trk=public_jobs_jserp-result_search-card
Full Stack Engineer,Warner Music Group,https://www.linkedin.com/jobs/view/full-stack-engineer-at-warner-music-group-3384360183?refId=B0o3pXh4jECVYGITt4DDRg%3D%3D&trackingId=4l3GAs39wVhBIASzszN6Zg%3D%3D&position=12&pageNum=0&trk=public_jobs_jserp-result_search-card
Software Engineer in Test Intern (TikTok Eng-Testing-Social) - 2023 Summer (BS/MS),TikTok,https://www.linkedin.com/jobs/view/software-engineer-in-test-intern-tiktok-eng-testing-social-2023-summer-bs-ms-at-tiktok-3426623229?refId=B0o3pXh4jECVYGITt4DDRg%3D%3D&trackingId=3PLVjPZb47DInyrp6y0PyA%3D%3D&position=13&pageNum=0&trk=public_jobs_jserp-result_search-card
Java Software Engineer,Career Movement,https://www.linkedin.com/jobs/view/java-software-engineer-at-career-movement-3450816609?refId=B0o3pXh4jECVYGITt4DDRg%3D%3D&trackingId=Fiu4RIvMADYQum8%2FbgOQ7w%3D%3D&position=14&pageNum=0&trk=public_jobs_jserp-result_search-card
Java Developer - CA,"Horizon Health Care, Inc",https://www.linkedin.com/jobs/view/java-developer-ca-at-horizon-health-care-inc-3408027615?refId=B0o3pXh4jECVYGITt4DDRg%3D%3D&trackingId=GqrKnrGXzw4Ig60g1i91JA%3D%3D&position=15&pageNum=0&trk=public_jobs_jserp-result_search-card
DevOps Engineer,Glorify,https://www.linkedin.com/jobs/view/devops-engineer-at-glorify-3447254591?refId=B0o3pXh4jECVYGITt4DDRg%3D%3D&trackingId=snkME1j1oza%2FbVK%2Fff0JAQ%3D%3D&position=16&pageNum=0&trk=public_jobs_jserp-result_search-card
"Software Engineer, Backend, 3+ Years of Experience",Snap Inc.,https://www.linkedin.com/jobs/view/software-engineer-backend-3%2B-years-of-experience-at-snap-inc-3440639531?refId=B0o3pXh4jECVYGITt4DDRg%3D%3D&trackingId=TqnXfzEp3ixi6d3lW9klKQ%3D%3D&position=17&pageNum=0&trk=public_jobs_jserp-result_search-card
Senior Java Developer,Avery Products Corporation,https://www.linkedin.com/jobs/view/senior-java-developer-at-avery-products-corporation-3438485006?refId=B0o3pXh4jECVYGITt4DDRg%3D%3D&trackingId=GUrrjmIeWM%2FXlo93n5yscA%3D%3D&position=18&pageNum=0&trk=public_jobs_jserp-result_search-card
"Manager, Software Engineering - Esports",Riot Games,https://www.linkedin.com/jobs/view/manager-software-engineering-esports-at-riot-games-3428249290?refId=B0o3pXh4jECVYGITt4DDRg%3D%3D&trackingId=Z3Hi%2FF4KaPwFrFoY2RAQ9g%3D%3D&position=19&pageNum=0&trk=public_jobs_jserp-result_search-card
"Aristocrat Technologies, Junior Software Engineer - Application via WayUp",WayUp,https://www.linkedin.com/jobs/view/aristocrat-technologies-junior-software-engineer-application-via-wayup-at-wayup-3432923391?refId=B0o3pXh4jECVYGITt4DDRg%3D%3D&trackingId=89bZRv6GWyLg%2BpCZczcyWA%3D%3D&position=20&pageNum=0&trk=public_jobs_jserp-result_search-card
Java and Cloud Tech,HexaQuEST Global,https://www.linkedin.com/jobs/view/java-and-cloud-tech-at-hexaquest-global-3331083367?refId=B0o3pXh4jECVYGITt4DDRg%3D%3D&trackingId=8iPAnu8kbLP6wFjKBE%2BDAA%3D%3D&position=21&pageNum=0&trk=public_jobs_jserp-result_search-card
Staff Software Engineer - Esports,Riot Games,https://www.linkedin.com/jobs/view/staff-software-engineer-esports-at-riot-games-3428248353?refId=B0o3pXh4jECVYGITt4DDRg%3D%3D&trackingId=zB7LujN2AcSJZs%2FwdA%2BR1Q%3D%3D&position=22&pageNum=0&trk=public_jobs_jserp-result_search-card
Senior Software Engineer I (Java),SnapX.ai,https://www.linkedin.com/jobs/view/senior-software-engineer-i-java-at-snapx-ai-3435460763?refId=B0o3pXh4jECVYGITt4DDRg%3D%3D&trackingId=1i1g1Mj5qiar0oiFbRfg%2FA%3D%3D&position=23&pageNum=0&trk=public_jobs_jserp-result_search-card
Marketing Experimentation Data Scientist,Apple,https://www.linkedin.com/jobs/view/marketing-experimentation-data-scientist-at-apple-3450644312?refId=B0o3pXh4jECVYGITt4DDRg%3D%3D&trackingId=y2r33RubX%2FWLvbg3qU2F5Q%3D%3D&position=24&pageNum=0&trk=public_jobs_jserp-result_search-card
Software Engineer - Full Stack,PayPal,https://www.linkedin.com/jobs/view/software-engineer-full-stack-at-paypal-3384403037?refId=B0o3pXh4jECVYGITt4DDRg%3D%3D&trackingId=Q5Z7JiSaR%2B%2FgLr6VmnH62g%3D%3D&position=25&pageNum=0&trk=public_jobs_jserp-result_search-card
